"ID","Description","GeneRatio","BgRatio","pvalue","p.adjust","qvalue","geneID","Count"
"R-MMU-1483249","Inositol phosphate metabolism","7/200","16/2422",0.000141826430596214,0.0388424997517992,0.0369270801338821,"Isyna1/Nudt4/Inpp5d/Pld4/Plcb3/Plcb2/Plcb1",7
"R-MMU-166658","Complement cascade","6/200","13/2422",0.00030867816919238,0.0388424997517992,0.0369270801338821,"Cpn2/C1qb/C3ar1/Cfh/C1qc/C1qa",6
"R-MMU-977606","Regulation of Complement cascade","6/200","13/2422",0.00030867816919238,0.0388424997517992,0.0369270801338821,"Cpn2/C1qb/C3ar1/Cfh/C1qc/C1qa",6
"R-MMU-1855204","Synthesis of IP3 and IP4 in the cytosol","5/200","9/2422",0.000349932430196389,0.0388424997517992,0.0369270801338821,"Inpp5d/Pld4/Plcb3/Plcb2/Plcb1",5
